Chromosome,Position,rsID,Reference,Alternate,Source,Filters - exomes,Filters - genomes,Consequence,Protein Consequence,Transcript Consequence,Annotation,Flags,Allele Count,Allele Number,Allele Frequency,Homozygote Count,Hemizygote Count,Allele Count African,Allele Number African,Homozygote Count African,Hemizygote Count African,Allele Count Latino,Allele Number Latino,Homozygote Count Latino,Hemizygote Count Latino,Allele Count Ashkenazi Jewish,Allele Number Ashkenazi Jewish,Homozygote Count Ashkenazi Jewish,Hemizygote Count Ashkenazi Jewish,Allele Count East Asian,Allele Number East Asian,Homozygote Count East Asian,Hemizygote Count East Asian,Allele Count European (Finnish),Allele Number European (Finnish),Homozygote Count European (Finnish),Hemizygote Count European (Finnish),Allele Count European (non-Finnish),Allele Number European (non-Finnish),Homozygote Count European (non-Finnish),Hemizygote Count European (non-Finnish),Allele Count Other,Allele Number Other,Homozygote Count Other,Hemizygote Count Other,Allele Count South Asian,Allele Number South Asian,Homozygote Count South Asian,Hemizygote Count South Asian
20,4679835,rs757915962,C,A,gnomAD Exomes,PASS,NA,c.-10-22C>A,,c.-10-22C>A,intron_variant,,1,247526,0.000004039979638502622,0,0,0,15378,0,0,0,34576,0,0,0,10008,0,0,0,18320,0,0,0,21644,0,0,0,110908,0,0,0,6080,0,0,1,30612,0,0
20,4679835,rs757915962,C,T,gnomAD Exomes,PASS,NA,c.-10-22C>T,,c.-10-22C>T,intron_variant,,1,247526,0.000004039979638502622,0,0,0,15378,0,0,0,34576,0,0,0,10008,0,0,0,18320,0,0,0,21644,0,0,1,110908,0,0,0,6080,0,0,0,30612,0,0
20,4679836,rs78236631,G,A,"gnomAD Exomes,gnomAD Genomes",PASS,PASS,c.-10-21G>A,,c.-10-21G>A,intron_variant,,7225,279034,0.025892901940265344,165,0,2019,24136,87,0,607,35424,4,0,244,10298,4,0,0,19880,0,0,191,25116,2,0,3627,126400,64,0,165,7168,2,0,372,30612,2,0
20,4679836,rs78236631,G,C,gnomAD Exomes,PASS,NA,c.-10-21G>C,,c.-10-21G>C,intron_variant,,1,247646,0.000004038022015296027,0,0,0,15432,0,0,1,34576,0,0,0,10008,0,0,0,18320,0,0,0,21640,0,0,0,110978,0,0,0,6080,0,0,0,30612,0,0
20,4679836,rs78236631,G,T,gnomAD Genomes,NA,PASS,c.-10-21G>T,,c.-10-21G>T,intron_variant,,1,31388,0.00003185930929017459,0,0,0,8704,0,0,0,848,0,0,0,290,0,0,0,1560,0,0,0,3476,0,0,1,15422,0,0,0,1088,0,0,0,0,0,0
20,4679838,rs774031543,TCTC,T,"gnomAD Exomes,gnomAD Genomes",PASS,PASS,c.-10-15_-10-13delCTC,,c.-10-15_-10-13delCTC,intron_variant,,2,279284,0.000007161169275719339,0,0,0,24164,0,0,0,35428,0,0,0,10300,0,0,0,19904,0,0,0,25120,0,0,2,126590,0,0,0,7166,0,0,0,30612,0,0
20,4679839,rs757051547,C,T,gnomAD Exomes,PASS,NA,c.-10-18C>T,,c.-10-18C>T,intron_variant,,1,247904,0.000004033819543048922,0,0,0,15460,0,0,0,34580,0,0,0,10008,0,0,0,18342,0,0,0,21644,0,0,1,111176,0,0,0,6082,0,0,0,30612,0,0
20,4679840,rs1431999274,T,C,gnomAD Exomes,PASS,NA,c.-10-17T>C,,c.-10-17T>C,intron_variant,,2,247946,0.00000806627249481742,0,0,2,15454,0,0,0,34578,0,0,0,10008,0,0,0,18342,0,0,0,21644,0,0,0,111226,0,0,0,6082,0,0,0,30612,0,0
20,4679841,rs781013907,C,T,gnomAD Exomes,PASS,NA,c.-10-16C>T,,c.-10-16C>T,intron_variant,,1,248018,0.000004031965421864542,0,0,0,15482,0,0,0,34580,0,0,0,10008,0,0,0,18340,0,0,0,21642,0,0,1,111270,0,0,0,6084,0,0,0,30612,0,0
20,4679848,rs1334159854,A,G,gnomAD Exomes,PASS,NA,c.-10-9A>G,,c.-10-9A>G,intron_variant,,1,248300,0.000004027386226339106,0,0,0,15532,0,0,0,34582,0,0,0,10010,0,0,0,18354,0,0,0,21646,0,0,1,111472,0,0,0,6092,0,0,0,30612,0,0
20,4679849,rs745614434,T,C,gnomAD Exomes,PASS,NA,c.-10-8T>C,,c.-10-8T>C,splice_region_variant,,2,248338,0.00000805353993347776,0,0,1,15542,0,0,1,34582,0,0,0,10010,0,0,0,18352,0,0,0,21646,0,0,0,111502,0,0,0,6090,0,0,0,30614,0,0
20,4679851,rs529897823,T,C,gnomAD Exomes,PASS,NA,c.-10-6T>C,,c.-10-6T>C,splice_region_variant,,1,248408,0.000004025635245241699,0,0,0,15564,0,0,1,34582,0,0,0,10012,0,0,0,18352,0,0,0,21646,0,0,0,111548,0,0,0,6090,0,0,0,30614,0,0
20,4679854,rs375720742,C,T,gnomAD Genomes,NA,PASS,c.-10-3C>T,,c.-10-3C>T,splice_region_variant,,1,31406,0.000031841049480990894,0,0,1,8714,0,0,0,848,0,0,0,290,0,0,0,1560,0,0,0,3476,0,0,0,15430,0,0,0,1088,0,0,0,0,0,0
20,4679862,rs1015540959,T,C,gnomAD Exomes,PASS,NA,c.-5T>C,,c.-5T>C,splice_region_variant,,1,248962,0.000004016677243916743,0,0,0,15672,0,0,0,34584,0,0,0,10016,0,0,0,18360,0,0,0,21646,0,0,1,111966,0,0,0,6102,0,0,0,30616,0,0
20,4679863,rs779912247,C,T,gnomAD Exomes,PASS,NA,c.-4C>T,,c.-4C>T,splice_region_variant,,1,249008,0.0000040159352309965945,0,0,0,15688,0,0,0,34582,0,0,0,10018,0,0,0,18358,0,0,0,21646,0,0,1,112000,0,0,0,6100,0,0,0,30616,0,0
20,4679871,rs748227837,C,T,"gnomAD Exomes,gnomAD Genomes",PASS,PASS,p.Ala2Val,p.Ala2Val,c.5C>T,missense_variant,,9,280604,0.00003207366965545751,0,0,0,24440,0,0,0,35430,0,0,0,10310,0,0,1,19920,0,0,0,25120,0,0,8,127578,0,0,0,7190,0,0,0,30616,0,0
20,4679872,rs1405257982,G,A,gnomAD Exomes,PASS,NA,p.Ala2Ala,c.6G>A(p.=),c.6G>A,synonymous_variant,,2,249276,0.000008023235289398097,0,0,0,15748,0,0,1,34582,0,0,0,10020,0,0,0,18362,0,0,0,21648,0,0,1,112194,0,0,0,6106,0,0,0,30616,0,0
20,4679877,rs772131924,T,A,gnomAD Exomes,PASS,NA,p.Leu4His,p.Leu4His,c.11T>A,missense_variant,,4,249456,0.000016034891924828427,0,0,0,15744,0,0,0,34586,0,0,0,10022,0,0,0,18372,0,0,0,21644,0,0,0,112364,0,0,0,6108,0,0,4,30616,0,0
20,4679877,rs772131924,T,G,gnomAD Exomes,PASS,NA,p.Leu4Arg,p.Leu4Arg,c.11T>G,missense_variant,,1,249456,0.000004008722981207107,0,0,0,15744,0,0,0,34586,0,0,0,10022,0,0,0,18372,0,0,0,21644,0,0,0,112364,0,0,1,6108,0,0,0,30616,0,0
20,4679888,rs760925175,A,G,gnomAD Exomes,PASS,NA,p.Met8Val,p.Met8Val,c.22A>G,missense_variant,,1,249614,0.000004006185550489956,0,0,0,15740,0,0,0,34590,0,0,0,10020,0,0,0,18374,0,0,0,21648,0,0,1,112514,0,0,0,6112,0,0,0,30616,0,0
20,4679901,rs771239157,T,C,gnomAD Exomes,PASS,NA,p.Phe12Ser,p.Phe12Ser,c.35T>C,missense_variant,,1,249792,0.00000400333077120164,0,0,0,15754,0,0,0,34588,0,0,0,10024,0,0,0,18362,0,0,0,21648,0,0,1,112688,0,0,0,6114,0,0,0,30614,0,0
20,4679906,rs926468769,G,A,gnomAD Exomes,PASS,NA,p.Ala14Thr,p.Ala14Thr,c.40G>A,missense_variant,,1,249682,0.000004005094480178788,0,0,0,15738,0,0,0,34586,0,0,0,10022,0,0,0,18350,0,0,0,21644,0,0,1,112612,0,0,0,6116,0,0,0,30614,0,0
20,4679906,rs926468769,G,T,gnomAD Genomes,NA,PASS,p.Ala14Ser,p.Ala14Ser,c.40G>T,missense_variant,,1,31396,0.00003185119123455217,0,0,1,8710,0,0,0,848,0,0,0,290,0,0,0,1560,0,0,0,3476,0,0,0,15424,0,0,0,1088,0,0,0,0,0,0
20,4679916,rs368154579,G,C,"gnomAD Exomes,gnomAD Genomes",PASS,PASS,p.Ser17Thr,p.Ser17Thr,c.50G>C,missense_variant,,14,281394,0.00004975230459782369,0,0,1,24550,0,0,0,35434,0,0,0,10320,0,0,0,19902,0,0,2,25118,0,0,10,128252,0,0,1,7204,0,0,0,30614,0,0
20,4679920,rs548116564,C,A,gnomAD Exomes,PASS,NA,p.Asp18Glu,p.Asp18Glu,c.54C>A,missense_variant,,2,250088,0.000007997184990883209,0,0,2,15860,0,0,0,34586,0,0,0,10034,0,0,0,18340,0,0,0,21642,0,0,0,112896,0,0,0,6116,0,0,0,30614,0,0
20,4679920,rs548116564,C,T,"gnomAD Exomes,gnomAD Genomes",PASS,PASS,p.Asp18Asp,c.54C>T(p.=),c.54C>T,synonymous_variant,,20,281478,0.00007105351039868124,0,0,0,24566,0,0,0,35434,0,0,0,10324,0,0,0,19900,0,0,0,25116,0,0,20,128320,0,0,0,7204,0,0,0,30614,0,0
20,4679921,rs1261971734,C,T,gnomAD Exomes,PASS,NA,p.Leu19Leu,c.55C>T(p.=),c.55C>T,synonymous_variant,,1,250028,0.000003999552050170381,0,0,0,15842,0,0,0,34584,0,0,0,10034,0,0,0,18342,0,0,0,21638,0,0,0,112864,0,0,0,6110,0,0,1,30614,0,0
20,4679923,rs1490413413,G,A,gnomAD Exomes,PASS,NA,p.Leu19Leu,c.57G>A(p.=),c.57G>A,synonymous_variant,,1,250084,0.000003998656451432319,0,0,0,15838,0,0,1,34584,0,0,0,10038,0,0,0,18338,0,0,0,21638,0,0,0,112922,0,0,0,6112,0,0,0,30614,0,0
20,4679927,rs776137568,C,A,gnomAD Exomes,PASS,NA,p.Leu21Ile,p.Leu21Ile,c.61C>A,missense_variant,,1,250240,0.00000399616368286445,0,0,0,15904,0,0,0,34580,0,0,0,10042,0,0,0,18336,0,0,0,21640,0,0,1,113012,0,0,0,6112,0,0,0,30614,0,0
20,4679932,rs762612626,C,T,gnomAD Exomes,PASS,NA,p.Cys22Cys,c.66C>T(p.=),c.66C>T,synonymous_variant,,2,250112,0.000007996417604912999,0,0,0,15828,0,0,0,34580,0,0,0,10044,0,0,0,18328,0,0,0,21636,0,0,2,112974,0,0,0,6108,0,0,0,30614,0,0
20,4679935,rs763637586,G,A,gnomAD Exomes,PASS,NA,p.Lys23Lys,c.69G>A(p.=),c.69G>A,synonymous_variant,,2,249870,0.000008004162164325449,0,0,0,15688,0,0,0,34574,0,0,0,10032,0,0,0,18322,0,0,0,21634,0,0,2,112906,0,0,0,6100,0,0,0,30614,0,0
20,4679939,rs751211144,C,T,gnomAD Exomes,PASS,NA,p.Arg25Cys,p.Arg25Cys,c.73C>T,missense_variant,,2,249842,0.000008005059197412765,0,0,0,15692,0,0,0,34578,0,0,0,10030,0,0,0,18302,0,0,0,21632,0,0,2,112900,0,0,0,6094,0,0,0,30614,0,0
20,4679944,rs756969320,G,A,gnomAD Exomes,PASS,NA,p.Pro26Pro,c.78G>A(p.=),c.78G>A,synonymous_variant,,9,249718,0.00003604065385755132,0,0,0,15578,0,0,0,34574,0,0,0,10030,0,0,2,18312,0,0,1,21634,0,0,4,112886,0,0,2,6090,0,0,0,30614,0,0
20,4679947,rs1156934207,G,A,gnomAD Exomes,PASS,NA,p.Lys27Lys,c.81G>A(p.=),c.81G>A,synonymous_variant,,1,249716,0.000004004549167854683,0,0,0,15590,0,0,1,34576,0,0,0,10034,0,0,0,18324,0,0,0,21636,0,0,0,112852,0,0,0,6090,0,0,0,30614,0,0
20,4679948,rs1369247240,C,T,gnomAD Genomes,NA,PASS,p.Pro28Ser,p.Pro28Ser,c.82C>T,missense_variant,,1,31386,0.000031861339450710506,0,0,0,8700,0,0,0,848,0,0,0,290,0,0,0,1560,0,0,0,3476,0,0,1,15424,0,0,0,1088,0,0,0,0,0,0
20,4679957,rs1360068809,T,C,gnomAD Exomes,PASS,NA,p.Trp31Arg,p.Trp31Arg,c.91T>C,missense_variant,,1,249280,0.000004011553273427471,0,0,0,15378,0,0,0,34580,0,0,0,10024,0,0,0,18320,0,0,0,21622,0,0,0,112666,0,0,0,6076,0,0,1,30614,0,0
20,4679966,rs761410800,G,GGGGGCAGCCGATACCCGGGGC,gnomAD Exomes,PASS,NA,p.Gly40_Gln41insArgGlySerArgTyrProGly,p.Gly40_Gln41insArgGlySerArgTyrProGly,c.101_121dupGGGGCAGCCGATACCCGGGGC,inframe_insertion,,1,249098,0.00000401448425920722,0,0,0,15336,0,0,0,34576,0,0,0,10014,0,0,0,18340,0,0,0,21634,0,0,1,112510,0,0,0,6074,0,0,0,30614,0,0
20,4679967,rs780030584,G,T,gnomAD Exomes,PASS,NA,p.Gly34Val,p.Gly34Val,c.101G>T,missense_variant,,1,249270,0.0000040117142054800015,0,0,0,15398,0,0,0,34580,0,0,0,10018,0,0,0,18358,0,0,0,21640,0,0,1,112584,0,0,0,6078,0,0,0,30614,0,0
20,4679969,rs749207734,G,A,gnomAD Exomes,PASS,NA,p.Gly35Ser,p.Gly35Ser,c.103G>A,missense_variant,,1,249316,0.000004010974024932215,0,0,0,15428,0,0,0,34580,0,0,0,10018,0,0,0,18356,0,0,0,21638,0,0,0,112602,0,0,0,6080,0,0,1,30614,0,0
20,4679975,rs11538763,C,G,gnomAD Exomes,PASS,NA,p.Arg37Gly,p.Arg37Gly,c.109C>G,missense_variant,,1,249238,0.000004012229274829681,0,0,0,15402,0,0,1,34580,0,0,0,10012,0,0,0,18368,0,0,0,21644,0,0,0,112546,0,0,0,6072,0,0,0,30614,0,0
20,4679975,rs11538763,C,T,"gnomAD Exomes,gnomAD Genomes",PASS,PASS,p.Arg37Ter,p.Arg37Ter,c.109C>T,stop_gained,,2,280592,0.000007127786964703199,0,0,0,24098,0,0,0,35428,0,0,0,10300,0,0,0,19926,0,0,0,25118,0,0,2,127950,0,0,0,7158,0,0,0,30614,0,0
20,4679976,rs1313855686,G,A,gnomAD Genomes,NA,PASS,p.Arg37Gln,p.Arg37Gln,c.110G>A,missense_variant,,1,31324,0.00003192440301366364,0,0,0,8688,0,0,0,846,0,0,0,288,0,0,0,1554,0,0,0,3476,0,0,1,15386,0,0,0,1086,0,0,0,0,0,0
20,4679982,rs747019990,C,T,gnomAD Exomes,PASS,NA,p.Pro39Leu,p.Pro39Leu,c.116C>T,missense_variant,,9,249140,0.00003612426748013165,0,0,0,15366,0,0,2,34578,0,0,6,10008,0,0,0,18372,0,0,0,21636,0,0,0,112490,0,0,0,6076,0,0,1,30614,0,0
20,4679983,rs771206868,G,A,gnomAD Exomes,PASS,NA,p.Pro39Pro,c.117G>A(p.=),c.117G>A,synonymous_variant,,17,249202,0.00006821775106138796,0,0,0,15394,0,0,0,34576,0,0,0,10006,0,0,0,18376,0,0,0,21636,0,0,0,112522,0,0,1,6078,0,0,16,30614,0,0
20,4679986,rs202102378,G,A,"gnomAD Exomes,gnomAD Genomes",PASS,PASS,p.Gly40Gly,c.120G>A(p.=),c.120G>A,synonymous_variant,,45,280588,0.00016037749297902976,0,0,0,24122,0,0,15,35424,0,0,0,10294,0,0,30,19930,0,0,0,25116,0,0,0,127926,0,0,0,7162,0,0,0,30614,0,0
20,4679987,rs1224211901,C,T,gnomAD Exomes,PASS,NA,p.Gln41Ter,p.Gln41Ter,c.121C>T,stop_gained,,1,249208,0.000004012712272479214,0,0,0,15410,0,0,1,34576,0,0,0,10004,0,0,0,18368,0,0,0,21642,0,0,0,112520,0,0,0,6074,0,0,0,30614,0,0
20,4679990,rs1287360365,G,A,gnomAD Exomes,PASS,NA,p.Gly42Ser,p.Gly42Ser,c.124G>A,missense_variant,,1,249178,0.000004013195386430584,0,0,0,15400,0,0,0,34576,0,0,0,10006,0,0,0,18374,0,0,0,21638,0,0,0,112498,0,0,0,6074,0,0,1,30612,0,0
20,4679991,rs746303257,G,A,gnomAD Exomes,PASS,NA,p.Gly42Asp,p.Gly42Asp,c.125G>A,missense_variant,,2,249120,0.000008028259473346179,0,0,0,15396,0,0,0,34576,0,0,0,10004,0,0,2,18368,0,0,0,21636,0,0,0,112456,0,0,0,6072,0,0,0,30612,0,0
20,4679994,rs1198634509,G,A,gnomAD Exomes,PASS,NA,p.Ser43Asn,p.Ser43Asn,c.128G>A,missense_variant,,1,249098,0.00000401448425920722,0,0,0,15394,0,0,0,34576,0,0,0,10008,0,0,0,18368,0,0,0,21636,0,0,0,112432,0,0,0,6074,0,0,1,30610,0,0
20,4679996,rs943366320,C,T,"gnomAD Exomes,gnomAD Genomes",PASS,PASS,p.Pro44Ser,p.Pro44Ser,c.130C>T,missense_variant,,5,280482,0.000017826455886652263,0,0,2,24096,0,0,3,35418,0,0,0,10298,0,0,0,19930,0,0,0,25112,0,0,0,127860,0,0,0,7158,0,0,0,30610,0,0
20,4680005,rs770271370,A,G,gnomAD Exomes,PASS,NA,p.Asn47Asp,p.Asn47Asp,c.139A>G,missense_variant,,1,249060,0.000004015096763832008,0,0,0,15402,0,0,0,34572,0,0,0,10012,0,0,0,18366,0,0,0,21640,0,0,1,112392,0,0,0,6070,0,0,0,30606,0,0
20,4680015,rs1379757697,C,G,gnomAD Exomes,PASS,NA,p.Pro50Arg,p.Pro50Arg,c.149C>G,missense_variant,,1,248502,0.000004024112481992097,0,0,0,15258,0,0,0,34562,0,0,0,9994,0,0,0,18350,0,0,0,21628,0,0,1,112048,0,0,0,6060,0,0,0,30602,0,0
20,4680017,rs760774153,C,T,gnomAD Genomes,NA,PASS,p.Pro51Ser,p.Pro51Ser,c.151C>T,missense_variant,,1,31314,0.00003193459794341189,0,0,1,8682,0,0,0,846,0,0,0,288,0,0,0,1556,0,0,0,3472,0,0,0,15382,0,0,0,1088,0,0,0,0,0,0
20,4680021,rs1425430077,A,C,gnomAD Exomes,PASS,NA,p.Gln52Pro,p.Gln52Pro,c.155A>C,missense_variant,,2,248294,0.000008054967095459415,0,0,0,15218,0,0,0,34554,0,0,0,9980,0,0,0,18342,0,0,0,21618,0,0,1,111926,0,0,0,6054,0,0,1,30602,0,0
20,4680024,rs1165685871,G,T,gnomAD Exomes,PASS,NA,p.Gly53Val,p.Gly53Val,c.158G>T,missense_variant,,1,248098,0.000004030665301614685,0,0,0,15204,0,0,0,34544,0,0,0,9970,0,0,0,18344,0,0,0,21620,0,0,1,111764,0,0,0,6054,0,0,0,30598,0,0
20,4680025,rs776188950,C,CGGTGGTGGCTGGGGGCAGCCTCAT,gnomAD Exomes,PASS,NA,p.Pro84_Gln91dup,p.Pro84_Gln91dup,c.204_227dupTCATGGTGGTGGCTGGGGGCAGCC,inframe_insertion,,2,248054,0.00000806276052794956,0,0,0,15198,0,0,0,34548,0,0,1,9970,0,0,0,18342,0,0,0,21610,0,0,1,111734,0,0,0,6056,0,0,0,30596,0,0
20,4680025,rs776188950,C,CGGTGGTGGCTGGGGGCAGCCTCATGGTGGTGGCTGGGGGCAGCCTCAT,gnomAD Exomes,PASS,NA,p.Pro76_Gln91dup,p.Pro76_Gln91dup,c.180_227dupTCATGGTGGTGGCTGGGGGCAGCCTCATGGTGGTGGCTGGGGGCAGCC,inframe_insertion,,1,248054,0.00000403138026397478,0,0,0,15198,0,0,1,34548,0,0,0,9970,0,0,0,18342,0,0,0,21610,0,0,0,111734,0,0,0,6056,0,0,0,30596,0,0
20,4680025,rs776188950,C,T,gnomAD Exomes,PASS,NA,p.Gly53Gly,c.159C>T(p.=),c.159C>T,synonymous_variant,,13,248054,0.000052407943431672135,0,0,0,15198,0,0,0,34548,0,0,0,9970,0,0,2,18342,0,0,0,21610,0,0,2,111734,0,0,1,6056,0,0,8,30596,0,0
20,4680025,rs776188950,CGGTGGTGGCTGGGGGCAGCCTCAT,C,"gnomAD Exomes,gnomAD Genomes",PASS,PASS,p.Pro84_Gln91del,p.Pro84_Gln91del,c.204_227delTCATGGTGGTGGCTGGGGGCAGCC,inframe_deletion,,153,279320,0.000547758842904196,0,0,9,23866,0,0,34,35392,0,0,1,10260,0,0,23,19896,0,0,0,25078,0,0,33,127088,0,0,6,7144,0,0,47,30596,0,0
20,4680025,rs776188950,CGGTGGTGGCTGGGGGCAGCCTCATGGTGGTGGCTGGGGGCAGCCTCAT,C,"gnomAD Exomes,gnomAD Genomes",PASS,PASS,p.Pro76_Gln91del,p.Pro76_Gln91del,c.180_227delTCATGGTGGTGGCTGGGGGCAGCCTCATGGTGGTGGCTGGGGGCAGCC,inframe_deletion,,4,279320,0.000014320492624946298,0,0,0,23866,0,0,0,35392,0,0,0,10260,0,0,0,19896,0,0,0,25078,0,0,3,127088,0,0,0,7144,0,0,1,30596,0,0
20,4680026,rs763524380,G,A,"gnomAD Exomes,gnomAD Genomes",PASS,PASS,p.Gly54Ser,p.Gly54Ser,c.160G>A,missense_variant,,163,279216,0.0005837774339579394,1,0,1,23850,0,0,1,35386,0,0,0,10256,0,0,0,19890,0,0,0,25078,0,0,26,127022,0,0,3,7140,0,0,132,30594,1,0
20,4680028,rs770846581,T,C,"gnomAD Exomes,gnomAD Genomes",PASS,PASS,p.Gly54Gly,c.162T>C(p.=),c.162T>C,synonymous_variant,,6,279232,0.00002148750859500344,0,0,0,23852,0,0,0,35384,0,0,0,10260,0,0,0,19894,0,0,0,25084,0,0,6,127016,0,0,0,7146,0,0,0,30596,0,0
20,4680034,rs1299262651,C,G,gnomAD Genomes,NA,PASS,p.Gly56Gly,c.168C>G(p.=),c.168C>G,synonymous_variant,,1,31278,0.00003197135366711427,0,0,0,8668,0,0,0,848,0,0,0,290,0,0,0,1554,0,0,0,3470,0,0,1,15360,0,0,0,1088,0,0,0,0,0,0
20,4680038,rs773938628,G,T,gnomAD Exomes,PASS,NA,p.Gly58Trp,p.Gly58Trp,c.172G>T,missense_variant,,1,247442,0.000004041351104501257,0,0,1,15064,0,0,0,34526,0,0,0,9960,0,0,0,18322,0,0,0,21604,0,0,0,111332,0,0,0,6044,0,0,0,30590,0,0
20,4680045,rs761172095,C,T,gnomAD Exomes,PASS,NA,p.Pro60Leu,p.Pro60Leu,c.179C>T,missense_variant,,1,247144,0.0000040462240637037514,0,0,0,14936,0,0,0,34510,0,0,0,9944,0,0,0,18328,0,0,1,21570,0,0,0,111220,0,0,0,6042,0,0,0,30594,0,0
20,4680046,rs1386720703,TCATGGTGGTGGCTGGGGGCAGCCTCATGGTGGTGGCTGGGGGCAGCCC,T,gnomAD Exomes,PASS,NA,p.Pro76_Gln91del,p.Pro76_Gln91del,c.198_245delGCAGCCTCATGGTGGTGGCTGGGGGCAGCCCCATGGTGGTGGCTGGGG,inframe_deletion,,1,246708,0.0000040533748398916935,0,0,0,14746,0,0,0,34468,0,0,0,9944,0,0,0,18308,0,0,1,21538,0,0,0,111100,0,0,0,6020,0,0,0,30584,0,0
20,4680055,rs767207185,T,A,gnomAD Exomes,PASS,NA,p.Gly63Gly,c.189T>A(p.=),c.189T>A,synonymous_variant,,1,246756,0.0000040525863606153445,0,0,0,15000,0,0,0,34512,0,0,0,9946,0,0,0,18292,0,0,0,21528,0,0,0,110862,0,0,0,6020,0,0,1,30596,0,0
20,4680059,rs1382858633,T,G,gnomAD Exomes,PASS,NA,p.Trp65Gly,p.Trp65Gly,c.193T>G,missense_variant,,1,246632,0.0000040546238930876775,0,0,0,15008,0,0,0,34486,0,0,0,9936,0,0,0,18300,0,0,0,21524,0,0,1,110758,0,0,0,6020,0,0,0,30600,0,0
20,4680064,rs750069679,G,A,gnomAD Exomes,PASS,NA,p.Gly66Gly,c.198G>A(p.=),c.198G>A,synonymous_variant,,1,246494,0.000004056893879769893,0,0,0,15136,0,0,0,34470,0,0,0,9912,0,0,0,18308,0,0,0,21482,0,0,0,110564,0,0,0,6020,0,0,1,30602,0,0
20,4680064,rs750069679,G,GCAGCCTCATGGTGGTGGCTGGGGACAGCCTCATGGTGGTGGCTGGGGA,"gnomAD Exomes,gnomAD Genomes",PASS,PASS,p.Pro76_Gln91dup,p.Pro76_Gln91dup,c.221_222insACAGCCTCATGGTGGTGGCTGGGGACAGCCTCATGGTGGTGGCTGGGG,inframe_insertion,,3,277760,0.000010800691244239631,0,0,0,23810,0,0,0,35318,0,0,0,10200,0,0,0,19866,0,0,3,24952,0,0,0,125912,0,0,0,7100,0,0,0,30602,0,0
20,4680064,rs750069679,GCAGCCTCATGGTGGTGGCTGGGGGCAGCCCCATGGTGGTGGCTGGGGA,G,"gnomAD Exomes,gnomAD Genomes",PASS,PASS,p.Pro76_Gln91del,p.Pro76_Gln91del,c.222_269delGCAGCCCCATGGTGGTGGCTGGGGACAGCCTCATGGTGGTGGCTGGGG,inframe_deletion,,19,277760,0.00006840437788018433,0,0,2,23810,0,0,1,35318,0,0,0,10200,0,0,0,19866,0,0,0,24952,0,0,13,125912,0,0,1,7100,0,0,2,30602,0,0
20,4680069,rs1282604670,CT,C,gnomAD Exomes,PASS,NA,p.His69MetfsTer41,p.His69MetfsTer41,c.204delT,frameshift_variant,,1,247072,0.0000040474031861157885,0,0,0,15254,0,0,0,34494,0,0,0,9946,0,0,1,18322,0,0,0,21498,0,0,0,110924,0,0,0,6030,0,0,0,30604,0,0
20,4680069,rs1282604670,C,T,gnomAD Exomes,PASS,NA,p.Pro68Leu,p.Pro68Leu,c.203C>T,missense_variant,,1,247072,0.0000040474031861157885,0,0,0,15254,0,0,0,34494,0,0,0,9946,0,0,0,18322,0,0,0,21498,0,0,1,110924,0,0,0,6030,0,0,0,30604,0,0
20,4680070,rs532493114,T,C,"gnomAD Exomes,gnomAD Genomes",PASS,PASS,p.Pro68Pro,c.204T>C(p.=),c.204T>C,synonymous_variant,,267,276502,0.0009656349682823271,1,0,110,23666,1,0,29,35010,0,0,2,10200,0,0,57,19748,0,0,0,24900,0,0,61,125718,0,0,4,7070,0,0,4,30190,0,0
20,4680070,rs532493114,T,TCATGGTGGTGGCTGGGGGCAGCCC,"gnomAD Exomes,gnomAD Genomes",PASS,PASS,p.Pro84_Gln91dup,p.Pro84_Gln91dup,c.222_245dupGCAGCCCCATGGTGGTGGCTGGGG,inframe_insertion,,10,276502,0.00003616610368098603,0,0,3,23666,0,0,2,35010,0,0,0,10200,0,0,0,19748,0,0,0,24900,0,0,4,125718,0,0,0,7070,0,0,1,30190,0,0
20,4680070,rs532493114,TCATGGTGGTGGCTGGGGGCAGCCC,T,"gnomAD Exomes,gnomAD Genomes",PASS,PASS,p.Pro84_Gln91del,p.Pro84_Gln91del,c.222_245delGCAGCCCCATGGTGGTGGCTGGGG,inframe_deletion,,26,276502,0.00009403186957056369,0,0,5,23666,0,0,3,35010,0,0,1,10200,0,0,2,19748,0,0,1,24900,0,0,11,125718,0,0,0,7070,0,0,3,30190,0,0
20,4680071,rs755064098,CATG,C,gnomAD Exomes,PASS,NA,p.His69_Gly70delinsArg,p.His69_Gly70delinsArg,c.206_208delATG,inframe_deletion,,1,247128,0.000004046486031530219,0,0,0,15266,0,0,0,34500,0,0,0,9946,0,0,0,18320,0,0,0,21502,0,0,0,110960,0,0,0,6030,0,0,1,30604,0,0
20,4680071,rs755064098,CATGGTGGTGGCTGGGGGCAGCCCCATGGTGGTGGCTGGGGACAGCCT,C,gnomAD Exomes,PASS,NA,p.His69ProfsTer20,p.His69ProfsTer20,c.206_252delATGGTGGTGGCTGGGGGCAGCCCCATGGTGGTGGCTGGGGACAGCCT,frameshift_variant,,1,247128,0.000004046486031530219,0,0,0,15266,0,0,0,34500,0,0,0,9946,0,0,1,18320,0,0,0,21502,0,0,0,110960,0,0,0,6030,0,0,0,30604,0,0
20,4680072,rs1247563362,A,G,gnomAD Exomes,PASS,NA,p.His69Arg,p.His69Arg,c.206A>G,missense_variant,,1,247302,0.000004043638951565293,0,0,0,15326,0,0,0,34502,0,0,0,9954,0,0,0,18334,0,0,0,21504,0,0,1,111044,0,0,0,6034,0,0,0,30604,0,0
20,4680077,rs755959420,G,A,gnomAD Exomes,PASS,NA,p.Gly71Ser,p.Gly71Ser,c.211G>A,missense_variant,,2,247384,0.000008084597225366232,0,0,0,15424,0,0,0,34506,0,0,0,9952,0,0,0,18344,0,0,0,21496,0,0,2,111016,0,0,0,6046,0,0,0,30600,0,0
20,4680087,rs1197265879,GGCA,G,gnomAD Exomes,PASS,NA,p.Gln75del,p.Gln75del,c.224_226delAGC,inframe_deletion,,1,248034,0.000004031705330720788,0,0,0,15598,0,0,0,34506,0,0,0,9966,0,0,0,18352,0,0,0,21502,0,0,0,111446,0,0,0,6056,0,0,1,30608,0,0
20,4680088,rs765275434,G,A,"gnomAD Exomes,gnomAD Genomes",PASS,PASS,p.Gly74Gly,c.222G>A(p.=),c.222G>A,synonymous_variant,,2,278410,0.000007183650012571387,0,0,0,24204,0,0,0,35180,0,0,0,10226,0,0,0,19850,0,0,0,24942,0,0,2,126506,0,0,0,7108,0,0,0,30394,0,0
20,4680088,rs765275434,G,GCAGCCCCATGGTGGTGGCTGGGGA,gnomAD Genomes,NA,PASS,p.Pro84_Gln91dup,p.Pro84_Gln91dup,c.228_251dupCCATGGTGGTGGCTGGGGACAGCC,inframe_insertion,,1,31242,0.00003200819409768901,0,0,1,8636,0,0,0,846,0,0,0,288,0,0,0,1552,0,0,0,3468,0,0,0,15372,0,0,0,1080,0,0,0,0,0,0
20,4680088,rs765275434,G,T,gnomAD Exomes,PASS,NA,p.Gly74Gly,c.222G>T(p.=),c.222G>T,synonymous_variant,,1,247168,0.000004045831175556706,0,0,0,15568,0,0,1,34334,0,0,0,9938,0,0,0,18298,0,0,0,21474,0,0,0,111134,0,0,0,6028,0,0,0,30394,0,0
20,4680088,rs765275434,GCAGCCCCATGGTGGTGGCTGGGGA,G,"gnomAD Exomes,gnomAD Genomes",PASS,PASS,p.Pro84_Gln91del,p.Pro84_Gln91del,c.228_251delCCATGGTGGTGGCTGGGGACAGCC,inframe_deletion,,109,278410,0.0003915089256851406,1,0,2,24204,0,0,7,35180,0,0,23,10226,0,0,0,19850,0,0,3,24942,0,0,42,126506,0,0,2,7108,0,0,30,30394,1,0
20,4680089,rs753810713,C,G,gnomAD Exomes,PASS,NA,p.Gln75Glu,p.Gln75Glu,c.223C>G,missense_variant,,1,247924,0.000004033494135299527,0,0,0,15602,0,0,0,34508,0,0,0,9958,0,0,0,18350,0,0,0,21472,0,0,1,111366,0,0,0,6064,0,0,0,30604,0,0
20,4680089,rs753810713,C,T,gnomAD Exomes,PASS,NA,p.Gln75Ter,p.Gln75Ter,c.223C>T,stop_gained,,1,247924,0.000004033494135299527,0,0,0,15602,0,0,0,34508,0,0,0,9958,0,0,0,18350,0,0,1,21472,0,0,0,111366,0,0,0,6064,0,0,0,30604,0,0
20,4680091,rs776922173,G,A,gnomAD Exomes,PASS,NA,p.Gln75Gln,c.225G>A(p.=),c.225G>A,synonymous_variant,,7,248050,0.00002822011691191292,0,0,0,15594,0,0,2,34500,0,0,0,9962,0,0,0,18356,0,0,0,21470,0,0,4,111504,0,0,1,6066,0,0,0,30598,0,0
20,4680093,rs778667313,C,G,gnomAD Exomes,PASS,NA,p.Pro76Arg,p.Pro76Arg,c.227C>G,missense_variant,,1,248274,0.000004027807986337675,0,0,0,15618,0,0,0,34502,0,0,0,9966,0,0,0,18362,0,0,0,21496,0,0,1,111658,0,0,0,6070,0,0,0,30602,0,0
20,4680094,rs112637437,C,CCATGGTGGTGGCTGGGGACAGCCT,gnomAD Exomes,PASS,NA,p.Pro84_Gln91dup,p.Pro84_Gln91dup,c.246_269dupACAGCCTCATGGTGGTGGCTGGGG,inframe_insertion,,14,247484,0.000056569313571786457,1,0,0,15424,0,0,0,34386,0,0,0,9930,0,0,0,18318,0,0,0,21442,0,0,1,111460,0,0,0,6050,0,0,13,30474,1,0
20,4680094,rs112637437,C,CCATGGTGGTGGCTGGGGACAGCCTCATGGTGGTGGCTGGGGACAGCCT,gnomAD Exomes,PASS,NA,p.Pro76_Gln91dup,p.Pro76_Gln91dup,c.269_270insACAGCCTCATGGTGGTGGCTGGGGACAGCCTCATGGTGGTGGCTGGGG,inframe_insertion,,2,247484,0.000008081330510255208,0,0,0,15424,0,0,0,34386,0,0,0,9930,0,0,0,18318,0,0,0,21442,0,0,2,111460,0,0,0,6050,0,0,0,30474,0,0
20,4680094,rs112637437,C,T,"gnomAD Exomes,gnomAD Genomes",PASS,PASS,p.Pro76Pro,c.228C>T(p.=),c.228C>T,synonymous_variant,,30,278500,0.00010771992818671454,0,0,0,23954,0,0,0,35232,0,0,0,10216,0,0,0,19866,0,0,0,24900,0,0,2,126736,0,0,0,7122,0,0,28,30474,0,0
20,4680094,rs112637437,CCATGGTGGTGGCTGGGGACAGCCT,C,"gnomAD Exomes,gnomAD Genomes",PASS,PASS,p.Pro84_Gln91del,p.Pro84_Gln91del,c.246_269delACAGCCTCATGGTGGTGGCTGGGG,inframe_deletion,,5774,278500,0.020732495511669658,359,0,4102,23954,345,0,616,35232,5,0,110,10216,3,0,2,19866,0,0,188,24900,2,0,619,126736,2,0,106,7122,1,0,31,30474,1,0
20,4680104,rs747123986,G,A,gnomAD Exomes,PASS,NA,p.Gly80Ser,p.Gly80Ser,c.238G>A,missense_variant,,1,248794,0.000004019389535117406,0,0,1,15568,0,0,0,34482,0,0,0,9980,0,0,0,18366,0,0,0,21534,0,0,0,112182,0,0,0,6078,0,0,0,30604,0,0
20,4680108,rs1168773329,G,A,gnomAD Exomes,PASS,NA,p.Trp81Ter,p.Trp81Ter,c.242G>A,stop_gained,,1,249124,0.000004014065284757791,0,0,0,15626,0,0,0,34492,0,0,1,9998,0,0,0,18364,0,0,0,21534,0,0,0,112418,0,0,0,6086,0,0,0,30606,0,0
20,4680112,rs62643364,A,ACAGCCTCATGGTGGTGGCTGGGGT,gnomAD Exomes,PASS,NA,p.Pro84_Gln91dup,p.Pro84_Gln91dup,c.249_272dupGCCTCATGGTGGTGGCTGGGGTCA,inframe_insertion,,1,248842,0.000004018614221072005,0,0,0,15498,0,0,0,34474,0,0,0,9978,0,0,1,18356,0,0,0,21456,0,0,0,112400,0,0,0,6088,0,0,0,30592,0,0
20,4680112,rs62643364,A,G,"gnomAD Exomes,gnomAD Genomes",PASS,PASS,p.Gly82Gly,c.246A>G(p.=),c.246A>G,synonymous_variant,,45,279922,0.0001607590685976808,1,0,11,24040,1,0,5,35318,0,0,0,10266,0,0,5,19904,0,0,1,24922,0,0,19,127712,0,0,0,7168,0,0,4,30592,0,0
20,4680118,rs62637686,T,C,"gnomAD Exomes,gnomAD Genomes",PASS,PASS,p.Pro84Pro,c.252T>C(p.=),c.252T>C,synonymous_variant,,15,280544,0.00005346754876240447,1,0,12,24118,1,0,0,35336,0,0,0,10292,0,0,0,19924,0,0,0,25000,0,0,2,128086,0,0,0,7178,0,0,1,30610,0,0
20,4680119,rs144328292,C,T,gnomAD Exomes,PASS,NA,p.His85Tyr,p.His85Tyr,c.253C>T,missense_variant,,2,246524,0.000008112800376433937,0,0,1,13478,0,0,1,34088,0,0,0,9966,0,0,0,18366,0,0,0,21508,0,0,0,112480,0,0,0,6036,0,0,0,30602,0,0
20,4680119,rs144328292,CATG,C,gnomAD Exomes,PASS,NA,p.His85_Gly86delinsArg,p.His85_Gly86delinsArg,c.254_256delATG,inframe_deletion,,1,246524,0.000004056400188216968,0,0,0,13478,0,0,0,34088,0,0,0,9966,0,0,0,18366,0,0,0,21508,0,0,1,112480,0,0,0,6036,0,0,0,30602,0,0
20,4680120,rs1330532645,A,C,gnomAD Genomes,NA,PASS,p.His85Pro,p.His85Pro,c.254A>C,missense_variant,,1,29944,0.00003339567192091905,0,0,0,7366,0,0,0,830,0,0,0,288,0,0,0,1558,0,0,0,3466,0,0,1,15366,0,0,0,1070,0,0,0,0,0,0
20,4680121,rs1406775290,T,A,gnomAD Exomes,PASS,NA,p.His85Gln,p.His85Gln,c.255T>A,missense_variant,,1,250054,0.000003999136186583698,0,0,1,15932,0,0,0,34554,0,0,0,10032,0,0,0,18370,0,0,0,21556,0,0,0,112894,0,0,0,6104,0,0,0,30612,0,0
20,4680127,rs770322418,T,C,gnomAD Exomes,PASS,NA,p.Gly87Gly,c.261T>C(p.=),c.261T>C,synonymous_variant,,1,250142,0.000003997729289763414,0,0,0,16004,0,0,0,34562,0,0,0,10042,0,0,0,18380,0,0,0,21540,0,0,1,112904,0,0,0,6098,0,0,0,30612,0,0
20,4680129,rs776029219,G,C,gnomAD Exomes,PASS,NA,p.Gly88Ala,p.Gly88Ala,c.263G>C,missense_variant,,1,250352,0.000003994375918706461,0,0,0,16068,0,0,1,34564,0,0,0,10044,0,0,0,18384,0,0,0,21570,0,0,0,113002,0,0,0,6106,0,0,0,30614,0,0
20,4680141,rs1279036396,G,A,gnomAD Genomes,NA,PASS,p.Gly92Glu,p.Gly92Glu,c.275G>A,missense_variant,,1,31342,0.000031906068534235215,0,0,0,8678,0,0,0,846,0,0,0,290,0,0,0,1558,0,0,0,3474,0,0,1,15410,0,0,0,1086,0,0,0,0,0,0
20,4680143,rs200771627,G,A,gnomAD Exomes,PASS,NA,p.Gly93Ser,p.Gly93Ser,c.277G>A,missense_variant,,1,250744,0.000003988131321188144,0,0,0,16164,0,0,1,34576,0,0,0,10044,0,0,0,18386,0,0,0,21612,0,0,0,113234,0,0,0,6118,0,0,0,30610,0,0
20,4680145,rs769223372,T,G,gnomAD Exomes,PASS,NA,p.Gly93Gly,c.279T>G(p.=),c.279T>G,synonymous_variant,,1,250566,0.000003990964456470551,0,0,0,16126,0,0,0,34574,0,0,0,10046,0,0,1,18382,0,0,0,21576,0,0,0,113132,0,0,0,6116,0,0,0,30614,0,0
20,4680151,rs774656719,C,T,gnomAD Exomes,PASS,NA,p.Thr95Thr,c.285C>T(p.=),c.285C>T,synonymous_variant,,1,250846,0.000003986509651339866,0,0,0,16188,0,0,0,34580,0,0,0,10058,0,0,1,18388,0,0,0,21620,0,0,0,113280,0,0,0,6120,0,0,0,30612,0,0
20,4680156,rs56362942,G,A,gnomAD Exomes,PASS,NA,p.Ser97Asn,p.Ser97Asn,c.290G>A,missense_variant,,2,250914,0.00000797085854117347,0,0,0,16196,0,0,0,34586,0,0,0,10064,0,0,2,18390,0,0,0,21622,0,0,0,113318,0,0,0,6122,0,0,0,30616,0,0
20,4680159,rs1320425680,A,C,gnomAD Exomes,PASS,NA,p.Gln98Pro,p.Gln98Pro,c.293A>C,missense_variant,,1,250944,0.000003984952818158633,0,0,0,16206,0,0,0,34586,0,0,0,10064,0,0,0,18390,0,0,0,21628,0,0,0,113332,0,0,0,6122,0,0,1,30616,0,0
20,4680162,rs1217211965,G,A,gnomAD Exomes,PASS,NA,p.Trp99Ter,p.Trp99Ter,c.296G>A,stop_gained,,1,250930,0.000003985175148447774,0,0,0,16202,0,0,0,34586,0,0,0,10064,0,0,0,18388,0,0,0,21614,0,0,1,113340,0,0,0,6120,0,0,0,30616,0,0
20,4680166,rs1257939387,C,G,gnomAD Exomes,PASS,NA,p.Asn100Lys,p.Asn100Lys,c.300C>G,missense_variant,,1,250944,0.000003984952818158633,0,0,0,16196,0,0,0,34588,0,0,0,10062,0,0,0,18388,0,0,1,21630,0,0,0,113342,0,0,0,6122,0,0,0,30616,0,0
20,4680172,rs370426100,G,A,"gnomAD Exomes,gnomAD Genomes",PASS,PASS,p.Pro102Pro,c.306G>A(p.=),c.306G>A,synonymous_variant,,57,282334,0.00020188854335645017,0,0,4,24882,0,0,51,35440,0,0,0,10352,0,0,2,19948,0,0,0,25094,0,0,0,128790,0,0,0,7212,0,0,0,30616,0,0
20,4680179,rs74315414,C,T,gnomAD Exomes,PASS,NA,p.Pro105Ser,p.Pro105Ser,c.313C>T,missense_variant,,1,250938,0.000003985048099530561,0,0,0,16164,0,0,0,34592,0,0,0,10058,0,0,0,18390,0,0,0,21622,0,0,1,113376,0,0,0,6122,0,0,0,30614,0,0
20,4680185,rs771466127,A,G,gnomAD Exomes,PASS,NA,p.Thr107Ala,p.Thr107Ala,c.319A>G,missense_variant,,1,250874,0.0000039860647177467574,0,0,1,16124,0,0,0,34590,0,0,0,10054,0,0,0,18390,0,0,0,21632,0,0,0,113348,0,0,0,6120,0,0,0,30616,0,0
20,4680196,rs1441985482,G,A,gnomAD Exomes,PASS,NA,p.Lys110Lys,c.330G>A(p.=),c.330G>A,synonymous_variant,,2,250738,0.000007976453509240721,0,0,0,16028,0,0,0,34592,0,0,2,10048,0,0,0,18390,0,0,0,21642,0,0,0,113294,0,0,0,6128,0,0,0,30616,0,0
20,4680199,rs772899097,C,T,gnomAD Exomes,PASS,NA,p.His111His,c.333C>T(p.=),c.333C>T,synonymous_variant,,4,250676,0.000015956852670379295,0,0,0,16008,0,0,0,34592,0,0,0,10050,0,0,4,18390,0,0,0,21644,0,0,0,113248,0,0,0,6128,0,0,0,30616,0,0
20,4680202,rs760285793,G,A,gnomAD Exomes,PASS,NA,p.Met112Ile,p.Met112Ile,c.336G>A,missense_variant,,2,250534,0.000007982948422170244,0,0,0,15964,0,0,0,34590,0,0,0,10046,0,0,2,18390,0,0,0,21632,0,0,0,113170,0,0,0,6126,0,0,0,30616,0,0
20,4680211,rs759194313,T,A,gnomAD Exomes,PASS,NA,p.Ala115Ala,c.345T>A(p.=),c.345T>A,synonymous_variant,,1,250322,0.000003994854627240115,0,0,0,15908,0,0,0,34588,0,0,0,10044,0,0,0,18388,0,0,0,21618,0,0,1,113040,0,0,0,6120,0,0,0,30616,0,0
20,4680217,rs8124214,A,G,"gnomAD Exomes,gnomAD Genomes",PASS,PASS,p.Ala117Ala,c.351A>G(p.=),c.351A>G,synonymous_variant,,7525,281766,0.02670655792395108,175,0,2098,24618,93,0,616,35436,4,0,244,10338,3,0,1,19944,0,0,192,25094,2,0,3796,128510,69,0,167,7210,2,0,411,30616,2,0
20,4680231,rs752571244,T,G,"gnomAD Exomes,gnomAD Genomes",PASS,PASS,p.Val122Gly,p.Val122Gly,c.365T>G,missense_variant,,8,281518,0.000028417365852272325,0,0,0,24642,0,0,0,35430,0,0,0,10334,0,0,6,19930,0,0,1,25002,0,0,1,128362,0,0,0,7204,0,0,0,30614,0,0
20,4680232,rs757409258,G,T,"gnomAD Exomes,gnomAD Genomes",PASS,PASS,p.Val122Val,c.366G>T(p.=),c.366G>T,synonymous_variant,,6,282082,0.000021270410731631226,0,0,1,24754,0,0,0,35436,0,0,0,10348,0,0,0,19944,0,0,0,25108,0,0,1,128666,0,0,0,7210,0,0,4,30616,0,0
20,4680238,rs201423990,C,A,gnomAD Exomes,PASS,NA,p.Gly124Gly,c.372C>A(p.=),c.372C>A,synonymous_variant,,1,250776,0.000003987622420008294,0,0,1,16136,0,0,0,34584,0,0,0,10070,0,0,0,18386,0,0,0,21492,0,0,0,113370,0,0,0,6122,0,0,0,30616,0,0
20,4680238,rs201423990,C,G,"gnomAD Exomes,gnomAD Genomes",PASS,PASS,p.Gly124Gly,c.372C>G(p.=),c.372C>G,synonymous_variant,,640,282120,0.0022685382106904864,1,0,14,24828,0,0,34,35432,0,0,0,10360,0,0,0,19944,0,0,35,24968,0,0,419,128764,1,0,16,7208,0,0,122,30616,0,0
20,4680244,rs750491443,C,A,gnomAD Exomes,PASS,NA,p.Gly126Gly,c.378C>A(p.=),c.378C>A,synonymous_variant,,1,251172,0.000003981335499179845,0,0,0,16212,0,0,0,34584,0,0,0,10076,0,0,0,18390,0,0,0,21638,0,0,0,113524,0,0,0,6132,0,0,1,30616,0,0
20,4680244,rs750491443,C,T,"gnomAD Exomes,gnomAD Genomes",PASS,PASS,p.Gly126Gly,c.378C>T(p.=),c.378C>T,synonymous_variant,,6,282538,0.000021236081518238253,0,0,0,24910,0,0,0,35432,0,0,0,10366,0,0,0,19950,0,0,0,25114,0,0,6,128930,0,0,0,7220,0,0,0,30616,0,0
20,4680245,rs780369285,G,A,gnomAD Exomes,PASS,NA,p.Gly127Ser,p.Gly127Ser,c.379G>A,missense_variant,,1,251260,0.000003979941096871766,0,0,0,16232,0,0,0,34588,0,0,0,10076,0,0,0,18388,0,0,0,21646,0,0,1,113584,0,0,0,6130,0,0,0,30616,0,0
20,4680246,rs267606980,G,T,gnomAD Exomes,PASS,NA,p.Gly127Val,p.Gly127Val,c.380G>T,missense_variant,,1,251288,0.000003979497628219414,0,0,0,16234,0,0,1,34584,0,0,0,10074,0,0,0,18390,0,0,0,21646,0,0,0,113606,0,0,0,6138,0,0,0,30616,0,0
20,4680250,rs555230730,C,T,gnomAD Exomes,PASS,NA,p.Tyr128Tyr,c.384C>T(p.=),c.384C>T,synonymous_variant,,38,251324,0.00015119924877846923,0,0,0,16244,0,0,0,34588,0,0,0,10072,0,0,0,18392,0,0,0,21644,0,0,0,113628,0,0,1,6140,0,0,37,30616,0,0
20,4680251,rs1799990,A,G,"gnomAD Exomes,gnomAD Genomes",PASS,PASS,p.Met129Val,p.Met129Val,c.385A>G,missense_variant,,87521,282522,0.3097847247294016,14719,0,8415,24884,1397,0,14597,35432,3025,0,2852,10366,383,0,478,19946,9,0,7533,25108,1129,0,43606,128942,7436,0,2243,7228,331,0,7797,30616,1009,0
20,4680252,rs779528653,T,C,gnomAD Exomes,PASS,NA,p.Met129Thr,p.Met129Thr,c.386T>C,missense_variant,,1,251334,0.000003978769287084119,0,0,0,16242,0,0,0,34586,0,0,0,10076,0,0,0,18392,0,0,1,21642,0,0,0,113640,0,0,0,6140,0,0,0,30616,0,0
20,4680257,rs748577950,G,T,gnomAD Exomes,PASS,NA,p.Gly131Ter,p.Gly131Ter,c.391G>T,stop_gained,,1,251380,0.000003978041212506962,0,0,0,16246,0,0,0,34586,0,0,0,10076,0,0,0,18392,0,0,0,21646,0,0,1,113680,0,0,0,6138,0,0,0,30616,0,0
20,4680258,rs74315410,G,T,gnomAD Exomes,PASS,NA,p.Gly131Val,p.Gly131Val,c.392G>T,missense_variant,,1,251396,0.0000039777880316313705,0,0,0,16248,0,0,0,34590,0,0,1,10078,0,0,0,18392,0,0,0,21648,0,0,0,113686,0,0,0,6138,0,0,0,30616,0,0
20,4680259,rs772735889,A,G,gnomAD Exomes,PASS,NA,p.Gly131Gly,c.393A>G(p.=),c.393A>G,synonymous_variant,,12,251378,0.00004773687434859057,0,0,0,16246,0,0,10,34592,0,0,0,10078,0,0,0,18392,0,0,0,21644,0,0,2,113674,0,0,0,6136,0,0,0,30616,0,0
20,4680262,rs760128443,T,C,gnomAD Exomes,PASS,NA,p.Ser132Ser,c.396T>C(p.=),c.396T>C,synonymous_variant,,2,251394,0.000007955639354956762,0,0,0,16250,0,0,0,34588,0,0,0,10078,0,0,0,18392,0,0,0,21648,0,0,2,113684,0,0,0,6138,0,0,0,30616,0,0
20,4680267,,T,C,gnomAD Exomes,PASS,NA,p.Met134Thr,p.Met134Thr,c.401T>C,missense_variant,,1,251426,0.0000039773134043416354,0,0,0,16252,0,0,0,34590,0,0,0,10078,0,0,0,18392,0,0,0,21648,0,0,1,113710,0,0,0,6140,0,0,0,30616,0,0
20,4680274,rs146315846,G,A,"gnomAD Exomes,gnomAD Genomes",PASS,PASS,p.Arg136Arg,c.408G>A(p.=),c.408G>A,synonymous_variant,,8,282816,0.00002828694274722788,0,0,4,24956,0,0,2,35436,0,0,0,10368,0,0,0,19952,0,0,0,25120,0,0,0,129140,0,0,2,7228,0,0,0,30616,0,0
20,4680274,rs146315846,G,T,gnomAD Exomes,PASS,NA,p.Arg136Ser,p.Arg136Ser,c.408G>T,missense_variant,,10,251442,0.00003977060316096754,0,0,0,16252,0,0,9,34588,0,0,0,10078,0,0,0,18392,0,0,0,21648,0,0,0,113728,0,0,1,6140,0,0,0,30616,0,0
20,4680279,rs759440720,T,C,gnomAD Exomes,PASS,NA,p.Ile138Thr,p.Ile138Thr,c.413T>C,missense_variant,,1,251456,0.000003976838890302876,0,0,0,16254,0,0,0,34588,0,0,0,10078,0,0,0,18394,0,0,0,21648,0,0,0,113740,0,0,0,6138,0,0,1,30616,0,0
20,4680280,rs977801755,C,G,gnomAD Exomes,PASS,NA,p.Ile138Met,p.Ile138Met,c.414C>G,missense_variant,,3,251442,0.000011931180948290261,0,0,0,16252,0,0,0,34588,0,0,0,10078,0,0,0,18394,0,0,0,21646,0,0,3,113732,0,0,0,6138,0,0,0,30614,0,0
20,4680283,rs1173838598,A,T,gnomAD Exomes,PASS,NA,p.Ile139Ile,c.417A>T(p.=),c.417A>T,synonymous_variant,,1,251462,0.0000039767440010816745,0,0,0,16256,0,0,0,34590,0,0,0,10080,0,0,0,18394,0,0,0,21648,0,0,0,113742,0,0,0,6138,0,0,1,30614,0,0
20,4680289,rs764920854,C,T,gnomAD Exomes,PASS,NA,p.Phe141Phe,c.423C>T(p.=),c.423C>T,synonymous_variant,,2,251456,0.000007953677780605752,0,0,0,16256,0,0,0,34590,0,0,0,10078,0,0,0,18394,0,0,0,21648,0,0,2,113736,0,0,0,6138,0,0,0,30616,0,0
20,4680290,rs150351644,G,A,"gnomAD Exomes,gnomAD Genomes",PASS,PASS,p.Gly142Ser,p.Gly142Ser,c.424G>A,missense_variant,,423,282822,0.001495640367439591,5,0,383,24954,5,0,27,35440,0,0,0,10366,0,0,2,19952,0,0,0,25124,0,0,6,129148,0,0,4,7222,0,0,1,30616,0,0
20,4680290,rs150351644,G,T,gnomAD Exomes,PASS,NA,p.Gly142Cys,p.Gly142Cys,c.424G>T,missense_variant,,1,251462,0.0000039767440010816745,0,0,0,16256,0,0,0,34592,0,0,0,10076,0,0,0,18394,0,0,0,21648,0,0,0,113742,0,0,0,6138,0,0,1,30616,0,0
20,4680292,rs762829659,C,T,gnomAD Exomes,PASS,NA,p.Gly142Gly,c.426C>T(p.=),c.426C>T,synonymous_variant,,1,251454,0.000003976870521049576,0,0,1,16256,0,0,0,34592,0,0,0,10078,0,0,0,18394,0,0,0,21646,0,0,0,113736,0,0,0,6138,0,0,0,30614,0,0
20,4680298,rs1358174528,C,T,gnomAD Exomes,PASS,NA,p.Asp144Asp,c.432C>T(p.=),c.432C>T,synonymous_variant,,2,251464,0.000007953424744695065,0,0,0,16256,0,0,0,34590,0,0,0,10078,0,0,0,18394,0,0,0,21646,0,0,0,113746,0,0,0,6138,0,0,2,30616,0,0
20,4680299,rs764076130,T,G,gnomAD Exomes,PASS,NA,p.Tyr145Asp,p.Tyr145Asp,c.433T>G,missense_variant,,1,251472,0.000003976585862441942,0,0,0,16256,0,0,0,34590,0,0,0,10078,0,0,0,18394,0,0,0,21646,0,0,0,113754,0,0,0,6138,0,0,1,30616,0,0
20,4680308,rs750548556,C,T,gnomAD Exomes,PASS,NA,p.Arg148Cys,p.Arg148Cys,c.442C>T,missense_variant,,1,251464,0.0000039767123723475325,0,0,0,16256,0,0,0,34592,0,0,0,10078,0,0,1,18394,0,0,0,21644,0,0,0,113746,0,0,0,6138,0,0,0,30616,0,0
20,4680309,rs181348299,G,A,"gnomAD Exomes,gnomAD Genomes",PASS,PASS,p.Arg148His,p.Arg148His,c.443G>A,missense_variant,,9,282840,0.00003182011030971574,0,0,0,24958,0,0,0,35440,0,0,0,10368,0,0,1,19952,0,0,2,25116,0,0,4,129164,0,0,1,7226,0,0,1,30616,0,0
20,4680311,rs780493616,T,C,gnomAD Exomes,PASS,NA,p.Tyr149His,p.Tyr149His,c.445T>C,missense_variant,,2,251474,0.000007953108472446455,0,0,0,16256,0,0,0,34592,0,0,0,10078,0,0,0,18394,0,0,0,21646,0,0,0,113754,0,0,0,6138,0,0,2,30616,0,0
20,4680314,rs1299768716,T,C,gnomAD Exomes,PASS,NA,p.Tyr150His,p.Tyr150His,c.448T>C,missense_variant,,1,251478,0.000003976490985294937,0,0,0,16256,0,0,0,34592,0,0,0,10078,0,0,0,18394,0,0,0,21648,0,0,1,113756,0,0,0,6138,0,0,0,30616,0,0
20,4680316,rs371334991,T,C,gnomAD Exomes,PASS,NA,p.Tyr150Tyr,c.450T>C(p.=),c.450T>C,synonymous_variant,,2,251474,0.000007953108472446455,0,0,0,16256,0,0,0,34590,0,0,0,10078,0,0,0,18394,0,0,0,21648,0,0,1,113754,0,0,1,6138,0,0,0,30616,0,0
20,4680317,rs755417301,C,T,gnomAD Exomes,PASS,NA,p.Arg151Cys,p.Arg151Cys,c.451C>T,missense_variant,,3,251478,0.000011929472955884809,0,0,0,16256,0,0,0,34592,0,0,0,10078,0,0,2,18394,0,0,0,21648,0,0,1,113756,0,0,0,6138,0,0,0,30616,0,0
20,4680318,rs779113268,G,A,"gnomAD Exomes,gnomAD Genomes",PASS,PASS,p.Arg151His,p.Arg151His,c.452G>A,missense_variant,,9,282836,0.00003182056032471114,0,0,3,24954,0,0,0,35438,0,0,0,10368,0,0,0,19954,0,0,0,25120,0,0,4,129162,0,0,1,7224,0,0,1,30616,0,0
20,4680326,rs1435437651,A,G,gnomAD Genomes,NA,PASS,p.Met154Val,p.Met154Val,c.460A>G,missense_variant,,1,31354,0.00003189385724309498,0,0,0,8682,0,0,0,848,0,0,0,290,0,0,0,1560,0,0,0,3470,0,0,1,15416,0,0,0,1088,0,0,0,0,0,0
20,4680328,rs144302267,G,A,gnomAD Exomes,PASS,NA,p.Met154Ile,p.Met154Ile,c.462G>A,missense_variant,,2,251486,0.000007952728978949126,0,0,2,16256,0,0,0,34592,0,0,0,10080,0,0,0,18394,0,0,0,21648,0,0,0,113762,0,0,0,6138,0,0,0,30616,0,0
20,4680331,,C,T,gnomAD Exomes,PASS,NA,p.His155His,c.465C>T(p.=),c.465C>T,synonymous_variant,,1,251482,0.000003976427736378747,0,0,0,16256,0,0,0,34590,0,0,0,10080,0,0,0,18394,0,0,0,21648,0,0,1,113760,0,0,0,6138,0,0,0,30616,0,0
20,4680333,rs1323478206,G,A,gnomAD Genomes,NA,PASS,p.Arg156His,p.Arg156His,c.467G>A,missense_variant,,1,31364,0.00003188368830506313,0,0,0,8694,0,0,0,848,0,0,0,290,0,0,0,1560,0,0,0,3470,0,0,1,15414,0,0,0,1088,0,0,0,0,0,0
20,4680342,rs778194695,A,G,"gnomAD Exomes,gnomAD Genomes",PASS,PASS,p.Asn159Ser,p.Asn159Ser,c.476A>G,missense_variant,,3,282856,0.000010606103459003874,0,0,3,24958,0,0,0,35440,0,0,0,10368,0,0,0,19954,0,0,0,25120,0,0,0,129176,0,0,0,7224,0,0,0,30616,0,0
20,4680347,rs1292836667,G,C,gnomAD Exomes,PASS,NA,p.Val161Leu,p.Val161Leu,c.481G>C,missense_variant,,5,251478,0.000019882454926474682,0,0,0,16254,0,0,0,34592,0,0,0,10080,0,0,0,18394,0,0,0,21648,0,0,5,113756,0,0,0,6138,0,0,0,30616,0,0
20,4680353,rs921542806,T,C,gnomAD Exomes,PASS,NA,p.Tyr163His,p.Tyr163His,c.487T>C,missense_variant,,2,251484,0.00000795279222535032,0,0,0,16256,0,0,2,34592,0,0,0,10080,0,0,0,18394,0,0,0,21648,0,0,0,113760,0,0,0,6138,0,0,0,30616,0,0
20,4680359,rs770422749,C,T,gnomAD Exomes,PASS,NA,p.Pro165Ser,p.Pro165Ser,c.493C>T,missense_variant,,5,251482,0.000019882138681893735,0,0,2,16256,0,0,3,34592,0,0,0,10080,0,0,0,18394,0,0,0,21646,0,0,0,113760,0,0,0,6138,0,0,0,30616,0,0
20,4680362,rs776401404,A,G,gnomAD Exomes,PASS,NA,p.Met166Val,p.Met166Val,c.496A>G,missense_variant,,4,251484,0.00001590558445070064,0,0,0,16256,0,0,3,34592,0,0,0,10080,0,0,0,18394,0,0,0,21648,0,0,1,113760,0,0,0,6138,0,0,0,30616,0,0
20,4680363,rs1419618560,T,C,gnomAD Exomes,PASS,NA,p.Met166Thr,p.Met166Thr,c.497T>C,missense_variant,,2,251486,0.000007952728978949126,0,0,0,16256,0,0,1,34592,0,0,0,10080,0,0,0,18394,0,0,0,21648,0,0,1,113762,0,0,0,6138,0,0,0,30616,0,0
20,4680364,rs745480639,G,A,gnomAD Exomes,PASS,NA,p.Met166Ile,p.Met166Ile,c.498G>A,missense_variant,,5,251482,0.000019882138681893735,0,0,2,16256,0,0,3,34592,0,0,0,10080,0,0,0,18394,0,0,0,21646,0,0,0,113760,0,0,0,6138,0,0,0,30616,0,0
20,4680371,rs1057343224,T,C,gnomAD Exomes,PASS,NA,p.Tyr169His,p.Tyr169His,c.505T>C,missense_variant,,3,251488,0.00001192899860033083,0,0,0,16256,0,0,3,34592,0,0,0,10080,0,0,0,18394,0,0,0,21644,0,0,0,113766,0,0,0,6140,0,0,0,30616,0,0
20,4680373,rs769447986,C,T,gnomAD Exomes,PASS,NA,p.Tyr169Tyr,c.507C>T(p.=),c.507C>T,synonymous_variant,,1,251486,0.000003976364489474563,0,0,0,16256,0,0,0,34592,0,0,0,10080,0,0,0,18394,0,0,0,21644,0,0,1,113764,0,0,0,6140,0,0,0,30616,0,0
20,4680378,rs16990018,A,G,"gnomAD Exomes,gnomAD Genomes",PASS,PASS,p.Asn171Ser,p.Asn171Ser,c.512A>G,missense_variant,,1359,282844,0.0048047687064247425,35,0,1257,24930,35,0,79,35440,0,0,0,10370,0,0,0,19950,0,0,0,25120,0,0,6,129190,0,0,16,7228,0,0,1,30616,0,0
20,4680379,rs762782379,C,G,gnomAD Exomes,PASS,NA,p.Asn171Lys,p.Asn171Lys,c.513C>G,missense_variant,,1,251490,0.00000397630124458229,0,0,0,16256,0,0,0,34592,0,0,0,10080,0,0,0,18394,0,0,0,21646,0,0,1,113766,0,0,0,6140,0,0,0,30616,0,0
20,4680382,rs764133845,G,A,gnomAD Exomes,PASS,NA,p.Gln172Gln,c.516G>A(p.=),c.516G>A,synonymous_variant,,1,251478,0.000003976490985294937,0,0,0,16256,0,0,0,34592,0,0,0,10078,0,0,0,18394,0,0,0,21636,0,0,1,113766,0,0,0,6140,0,0,0,30616,0,0
20,4680384,rs1292160648,A,G,gnomAD Exomes,PASS,NA,p.Asn173Ser,p.Asn173Ser,c.518A>G,missense_variant,,1,251486,0.000003976364489474563,0,0,0,16256,0,0,0,34592,0,0,0,10078,0,0,0,18394,0,0,0,21642,0,0,0,113768,0,0,0,6140,0,0,1,30616,0,0
20,4680385,rs149726579,C,T,gnomAD Exomes,PASS,NA,p.Asn173Asn,c.519C>T(p.=),c.519C>T,synonymous_variant,,15,251480,0.000059646890408780024,0,0,0,16256,0,0,0,34592,0,0,0,10078,0,0,0,18394,0,0,0,21640,0,0,15,113764,0,0,0,6140,0,0,0,30616,0,0
20,4680394,rs760899843,G,A,gnomAD Exomes,PASS,NA,p.Val176Val,c.528G>A(p.=),c.528G>A,synonymous_variant,,4,251474,0.00001590621694489291,0,0,0,16256,0,0,0,34592,0,0,0,10078,0,0,0,18394,0,0,1,21638,0,0,3,113762,0,0,0,6138,0,0,0,30616,0,0
20,4680397,rs200294214,C,G,gnomAD Exomes,PASS,NA,p.His177Gln,p.His177Gln,c.531C>G,missense_variant,,1,251480,0.000003976459360585334,0,0,0,16256,0,0,0,34592,0,0,0,10080,0,0,0,18394,0,0,0,21642,0,0,0,113760,0,0,0,6140,0,0,1,30616,0,0
20,4680397,rs200294214,C,T,"gnomAD Exomes,gnomAD Genomes",PASS,PASS,p.His177His,c.531C>T(p.=),c.531C>T,synonymous_variant,,12,282852,0.00004242501378812948,0,0,0,24952,0,0,1,35438,0,0,0,10370,0,0,1,19952,0,0,0,25116,0,0,7,129180,0,0,1,7228,0,0,2,30616,0,0
20,4680403,rs755183662,C,T,"gnomAD Exomes,gnomAD Genomes",PASS,PASS,p.Cys179Cys,c.537C>T(p.=),c.537C>T,synonymous_variant,,3,282842,0.000010606628435663727,0,0,1,24942,0,0,0,35440,0,0,0,10370,0,0,0,19952,0,0,0,25108,0,0,0,129186,0,0,0,7228,0,0,2,30616,0,0
20,4680404,rs74315408,G,A,gnomAD Exomes,PASS,NA,p.Val180Ile,p.Val180Ile,c.538G>A,missense_variant,,16,251468,0.00006362638586221706,0,0,0,16256,0,0,2,34592,0,0,0,10080,0,0,5,18394,0,0,0,21626,0,0,0,113764,0,0,0,6140,0,0,9,30616,0,0
20,4680408,rs547950774,A,G,"gnomAD Exomes,gnomAD Genomes",PASS,PASS,p.Asn181Ser,p.Asn181Ser,c.542A>G,missense_variant,,2,282826,0.000007071485648419876,0,0,0,24944,0,0,0,35440,0,0,0,10370,0,0,0,19948,0,0,0,25110,0,0,2,129170,0,0,0,7228,0,0,0,30616,0,0
20,4680412,rs753015009,C,G,"gnomAD Exomes,gnomAD Genomes",PASS,PASS,p.Ile182Met,p.Ile182Met,c.546C>G,missense_variant,,4,282830,0.00001414277127603154,0,0,2,24944,0,0,2,35440,0,0,0,10370,0,0,0,19950,0,0,0,25102,0,0,0,129180,0,0,0,7228,0,0,0,30616,0,0
20,4680418,rs1323739312,C,G,gnomAD Exomes,PASS,NA,p.Ile184Met,p.Ile184Met,c.552C>G,missense_variant,,1,251464,0.0000039767123723475325,0,0,0,16256,0,0,0,34590,0,0,0,10080,0,0,0,18394,0,0,0,21628,0,0,1,113760,0,0,0,6140,0,0,0,30616,0,0
20,4680428,rs1219043209,A,G,gnomAD Exomes,PASS,NA,p.Thr188Ala,p.Thr188Ala,c.562A>G,missense_variant,,1,251472,0.000003976585862441942,0,0,0,16254,0,0,0,34592,0,0,0,10080,0,0,0,18394,0,0,0,21632,0,0,1,113764,0,0,0,6140,0,0,0,30616,0,0
20,4680429,rs372878791,C,G,gnomAD Exomes,PASS,NA,p.Thr188Arg,p.Thr188Arg,c.563C>G,missense_variant,,8,251456,0.00003181471112242301,0,0,0,16256,0,0,8,34592,0,0,0,10080,0,0,0,18394,0,0,0,21620,0,0,0,113760,0,0,0,6140,0,0,0,30614,0,0
20,4680429,rs372878791,C,T,"gnomAD Exomes,gnomAD Genomes",PASS,PASS,p.Thr188Met,p.Thr188Met,c.563C>T,missense_variant,,15,282820,0.00005303726751997737,0,0,7,24942,0,0,1,35440,0,0,0,10370,0,0,0,19954,0,0,0,25096,0,0,3,129176,0,0,0,7228,0,0,4,30614,0,0
20,4680430,rs201447742,G,A,"gnomAD Exomes,gnomAD Genomes",PASS,PASS,p.Thr188Thr,c.564G>A(p.=),c.564G>A,synonymous_variant,,2,282812,0.0000070718357071128526,0,0,0,24938,0,0,0,35440,0,0,0,10370,0,0,0,19948,0,0,0,25106,0,0,1,129166,0,0,0,7228,0,0,1,30616,0,0
20,4680437,rs1200422233,A,G,gnomAD Exomes,PASS,NA,p.Thr191Ala,p.Thr191Ala,c.571A>G,missense_variant,,1,251478,0.000003976490985294937,0,0,0,16256,0,0,1,34592,0,0,0,10080,0,0,0,18394,0,0,0,21636,0,0,0,113764,0,0,0,6140,0,0,0,30616,0,0
20,4680443,rs747500244,A,G,gnomAD Exomes,PASS,NA,p.Thr193Ala,p.Thr193Ala,c.577A>G,missense_variant,,3,251468,0.0000119299473491657,0,0,0,16256,0,0,0,34592,0,0,0,10080,0,0,0,18394,0,0,0,21626,0,0,0,113764,0,0,0,6140,0,0,3,30616,0,0
20,4680445,rs189893466,C,A,gnomAD Exomes,PASS,NA,p.Thr193Thr,c.579C>A(p.=),c.579C>A,synonymous_variant,,1,251474,0.000003976554236223228,0,0,0,16256,0,0,0,34592,0,0,0,10080,0,0,1,18394,0,0,0,21632,0,0,0,113764,0,0,0,6140,0,0,0,30616,0,0
20,4680447,rs1052787597,A,G,gnomAD Exomes,PASS,NA,p.Lys194Arg,p.Lys194Arg,c.581A>G,missense_variant,,1,251474,0.000003976554236223228,0,0,0,16256,0,0,0,34592,0,0,0,10080,0,0,0,18394,0,0,0,21632,0,0,1,113764,0,0,0,6140,0,0,0,30616,0,0
20,4680449,rs374528688,G,C,gnomAD Exomes,PASS,NA,p.Gly195Arg,p.Gly195Arg,c.583G>C,missense_variant,,3,251462,0.000011930232003245023,0,0,0,16254,0,0,2,34592,0,0,0,10080,0,0,0,18394,0,0,0,21628,0,0,1,113760,0,0,0,6138,0,0,0,30616,0,0
20,4680451,rs745335629,G,A,gnomAD Exomes,PASS,NA,p.Gly195Gly,c.585G>A(p.=),c.585G>A,synonymous_variant,,6,251470,0.000023859704934982305,0,0,0,16254,0,0,0,34592,0,0,0,10080,0,0,5,18394,0,0,0,21634,0,0,1,113762,0,0,0,6138,0,0,0,30616,0,0
20,4680453,rs769346296,A,C,"gnomAD Exomes,gnomAD Genomes",PASS,PASS,p.Glu196Ala,p.Glu196Ala,c.587A>C,missense_variant,,20,282772,0.00007072836065805667,0,0,0,24918,0,0,0,35440,0,0,0,10370,0,0,20,19944,0,0,0,25106,0,0,0,129154,0,0,0,7226,0,0,0,30614,0,0
20,4680457,rs1163717358,C,T,gnomAD Exomes,PASS,NA,p.Asn197Asn,c.591C>T(p.=),c.591C>T,synonymous_variant,,1,251472,0.000003976585862441942,0,0,0,16254,0,0,0,34592,0,0,0,10080,0,0,1,18394,0,0,0,21638,0,0,0,113762,0,0,0,6138,0,0,0,30614,0,0
20,4680463,rs180853193,C,T,gnomAD Exomes,PASS,NA,p.Thr199Thr,c.597C>T(p.=),c.597C>T,synonymous_variant,,7,251460,0.000027837429412232563,0,0,0,16254,0,0,0,34592,0,0,0,10080,0,0,0,18394,0,0,0,21630,0,0,0,113756,0,0,0,6138,0,0,7,30616,0,0
20,4680464,rs28933385,G,A,gnomAD Exomes,PASS,NA,p.Glu200Lys,p.Glu200Lys,c.598G>A,missense_variant,,1,251466,0.000003976680744116501,0,0,0,16252,0,0,1,34592,0,0,0,10080,0,0,0,18394,0,0,0,21636,0,0,0,113758,0,0,0,6138,0,0,0,30616,0,0
20,4680466,rs1398776714,G,T,gnomAD Exomes,PASS,NA,p.Glu200Asp,p.Glu200Asp,c.600G>T,missense_variant,,2,251462,0.000007953488002163349,0,0,0,16254,0,0,0,34592,0,0,0,10078,0,0,2,18394,0,0,0,21632,0,0,0,113758,0,0,0,6138,0,0,0,30616,0,0
20,4680467,rs768562045,A,T,gnomAD Exomes,PASS,NA,p.Thr201Ser,p.Thr201Ser,c.601A>T,missense_variant,,1,251466,0.000003976680744116501,0,0,0,16254,0,0,0,34592,0,0,0,10080,0,0,0,18394,0,0,0,21638,0,0,0,113754,0,0,1,6138,0,0,0,30616,0,0
20,4680469,rs145556589,C,T,"gnomAD Exomes,gnomAD Genomes",PASS,PASS,p.Thr201Thr,c.603C>T(p.=),c.603C>T,synonymous_variant,,19,282818,0.00006718101393829248,0,0,15,24940,0,0,3,35440,0,0,0,10370,0,0,0,19954,0,0,0,25116,0,0,0,129158,0,0,0,7224,0,0,1,30616,0,0
20,4680470,rs761807915,G,A,gnomAD Exomes,PASS,NA,p.Asp202Asn,p.Asp202Asn,c.604G>A,missense_variant,,1,251468,0.000003976649116388566,0,0,0,16254,0,0,0,34590,0,0,0,10080,0,0,0,18394,0,0,0,21644,0,0,1,113752,0,0,0,6138,0,0,0,30616,0,0
20,4680472,rs371948269,C,T,"gnomAD Exomes,gnomAD Genomes",PASS,PASS,p.Asp202Asp,c.606C>T(p.=),c.606C>T,synonymous_variant,,25,282812,0.00008839794633891065,0,0,0,24928,0,0,1,35440,0,0,2,10368,0,0,0,19954,0,0,1,25118,0,0,20,129162,0,0,1,7226,0,0,0,30616,0,0
20,4680473,rs776593792,G,A,gnomAD Exomes,PASS,NA,p.Val203Ile,p.Val203Ile,c.607G>A,missense_variant,,4,251466,0.000015906722976466004,0,0,0,16254,0,0,1,34592,0,0,0,10080,0,0,0,18394,0,0,0,21640,0,0,3,113752,0,0,0,6138,0,0,0,30616,0,0
20,4680474,rs1172346323,T,G,gnomAD Genomes,NA,PASS,p.Val203Gly,p.Val203Gly,c.608T>G,missense_variant,,1,31266,0.00003198362438431523,0,0,1,8636,0,0,0,848,0,0,0,290,0,0,0,1556,0,0,0,3474,0,0,0,15374,0,0,0,1088,0,0,0,0,0,0
20,4680488,rs55826236,C,T,gnomAD Exomes,PASS,NA,p.Arg208Cys,p.Arg208Cys,c.622C>T,missense_variant,,2,251470,0.000007953234978327435,0,0,1,16256,0,0,0,34592,0,0,0,10080,0,0,0,18394,0,0,0,21646,0,0,1,113750,0,0,0,6136,0,0,0,30616,0,0
20,4680489,rs74315412,G,A,"gnomAD Exomes,gnomAD Genomes",PASS,PASS,p.Arg208His,p.Arg208His,c.623G>A,missense_variant,,16,282752,0.00005658669081032141,0,0,8,24910,0,0,1,35440,0,0,0,10370,0,0,1,19948,0,0,0,25114,0,0,6,129132,0,0,0,7222,0,0,0,30616,0,0
20,4680490,rs539013899,C,T,"gnomAD Exomes,gnomAD Genomes",PASS,PASS,p.Arg208Arg,c.624C>T(p.=),c.624C>T,synonymous_variant,,20,282750,0.00007073386383731211,0,0,1,24910,0,0,16,35436,0,0,0,10370,0,0,0,19948,0,0,0,25120,0,0,3,129128,0,0,0,7222,0,0,0,30616,0,0
20,4680491,rs758820257,G,A,"gnomAD Exomes,gnomAD Genomes",PASS,PASS,p.Val209Met,p.Val209Met,c.625G>A,missense_variant,,6,282760,0.00002121940868581129,0,0,0,24902,0,0,1,35440,0,0,0,10370,0,0,0,19950,0,0,0,25118,0,0,4,129140,0,0,0,7224,0,0,1,30616,0,0
20,4680493,rs1385747595,G,A,gnomAD Genomes,NA,PASS,p.Val209Val,c.627G>A(p.=),c.627G>A,synonymous_variant,,1,31298,0.000031950923381685733,0,0,0,8660,0,0,0,848,0,0,0,290,0,0,0,1552,0,0,0,3474,0,0,1,15390,0,0,0,1084,0,0,0,0,0,0
20,4680494,rs74315407,G,A,gnomAD Exomes,PASS,NA,p.Val210Ile,p.Val210Ile,c.628G>A,missense_variant,,2,251460,0.000007953551260637874,0,0,0,16254,0,0,0,34592,0,0,0,10080,0,0,0,18394,0,0,0,21644,0,0,2,113744,0,0,0,6136,0,0,0,30616,0,0
20,4680501,rs751882709,A,C,gnomAD Exomes,PASS,NA,p.Gln212Pro,p.Gln212Pro,c.635A>C,missense_variant,,4,251450,0.000015907735136209982,0,0,0,16254,0,0,0,34592,0,0,0,10078,0,0,0,18394,0,0,0,21642,0,0,4,113738,0,0,0,6136,0,0,0,30616,0,0
20,4680502,rs757784308,G,A,gnomAD Exomes,PASS,NA,p.Gln212Gln,c.636G>A(p.=),c.636G>A,synonymous_variant,,6,251446,0.000023861982294409137,0,0,0,16254,0,0,0,34592,0,0,0,10078,0,0,0,18394,0,0,0,21640,0,0,4,113736,0,0,0,6136,0,0,2,30616,0,0
20,4680507,rs1180897417,G,A,gnomAD Exomes,PASS,NA,p.Cys214Tyr,p.Cys214Tyr,c.641G>A,missense_variant,,2,251440,0.000007954183900731784,0,0,0,16248,0,0,0,34590,0,0,0,10076,0,0,0,18394,0,0,0,21640,0,0,1,113740,0,0,0,6136,0,0,1,30616,0,0
20,4680513,rs1262016082,C,A,gnomAD Exomes,PASS,NA,p.Thr216Asn,p.Thr216Asn,c.647C>A,missense_variant,,1,251422,0.000003977376681435992,0,0,0,16254,0,0,0,34592,0,0,0,10076,0,0,0,18394,0,0,0,21636,0,0,0,113718,0,0,0,6136,0,0,1,30616,0,0
20,4680520,rs375057882,C,T,"gnomAD Exomes,gnomAD Genomes",PASS,PASS,p.Tyr218Tyr,c.654C>T(p.=),c.654C>T,synonymous_variant,,30,282742,0.0001061037978086029,0,0,2,24930,0,0,1,35440,0,0,0,10366,0,0,4,19946,0,0,2,25112,0,0,17,129116,0,0,0,7216,0,0,4,30616,0,0
20,4680521,rs1800014,G,A,"gnomAD Exomes,gnomAD Genomes",PASS,PASS,p.Glu219Lys,p.Glu219Lys,c.655G>A,missense_variant,,2074,282736,0.007335464885971366,48,0,5,24930,0,0,62,35438,0,0,0,10366,0,0,700,19948,15,0,0,25112,0,0,10,129108,0,0,33,7220,1,0,1264,30614,32,0
20,4680523,rs1422039397,G,A,gnomAD Exomes,PASS,NA,p.Glu219Glu,c.657G>A(p.=),c.657G>A,synonymous_variant,,3,251406,0.000011932889429846543,0,0,0,16254,0,0,0,34590,0,0,0,10076,0,0,3,18394,0,0,0,21636,0,0,0,113710,0,0,0,6132,0,0,0,30614,0,0
20,4680531,rs1465555281,C,T,gnomAD Exomes,PASS,NA,p.Ser222Phe,p.Ser222Phe,c.665C>T,missense_variant,,1,251376,0.000003978104512761759,0,0,0,16254,0,0,0,34588,0,0,0,10070,0,0,1,18394,0,0,0,21638,0,0,0,113684,0,0,0,6132,0,0,0,30616,0,0
20,4680534,rs755648748,A,T,gnomAD Exomes,PASS,NA,p.Gln223Leu,p.Gln223Leu,c.668A>T,missense_variant,,1,251362,0.000003978326079518781,0,0,0,16248,0,0,1,34580,0,0,0,10070,0,0,0,18394,0,0,0,21636,0,0,0,113686,0,0,0,6132,0,0,0,30616,0,0
20,4680539,rs779635242,T,C,gnomAD Exomes,PASS,NA,p.Tyr225His,p.Tyr225His,c.673T>C,missense_variant,,1,251378,0.000003978072862382547,0,0,0,16256,0,0,0,34580,0,0,0,10068,0,0,0,18394,0,0,0,21636,0,0,1,113704,0,0,0,6132,0,0,0,30608,0,0
20,4680540,rs748929962,A,G,gnomAD Exomes,PASS,NA,p.Tyr225Cys,p.Tyr225Cys,c.674A>G,missense_variant,,1,251374,0.000003978136163644609,0,0,0,16252,0,0,0,34578,0,0,0,10068,0,0,0,18394,0,0,0,21634,0,0,1,113704,0,0,0,6132,0,0,0,30612,0,0
20,4680541,rs768608819,T,C,gnomAD Exomes,PASS,NA,p.Tyr225Tyr,c.675T>C(p.=),c.675T>C,synonymous_variant,,7,251380,0.00002784628848754873,0,0,0,16254,0,0,0,34580,0,0,0,10068,0,0,0,18394,0,0,0,21634,0,0,0,113708,0,0,0,6132,0,0,7,30610,0,0
20,4680549,rs1332752242,G,A,gnomAD Genomes,NA,PASS,p.Arg228Lys,p.Arg228Lys,c.683G>A,missense_variant,,4,31354,0.0001275754289723799,0,0,0,8688,0,0,0,848,0,0,0,290,0,0,0,1554,0,0,0,3474,0,0,4,15412,0,0,0,1088,0,0,0,0,0,0
20,4680552,rs778878824,G,A,gnomAD Exomes,PASS,NA,p.Gly229Glu,p.Gly229Glu,c.686G>A,missense_variant,,1,251314,0.000003979085924381451,0,0,0,16238,0,0,0,34574,0,0,0,10068,0,0,0,18394,0,0,0,21638,0,0,1,113676,0,0,0,6128,0,0,0,30598,0,0
20,4680553,rs747901028,A,C,gnomAD Exomes,PASS,NA,p.Gly229Gly,c.687A>C(p.=),c.687A>C,synonymous_variant,,1,251332,0.000003978800948546146,0,0,1,16240,0,0,0,34576,0,0,0,10068,0,0,0,18394,0,0,0,21642,0,0,0,113688,0,0,0,6128,0,0,0,30596,0,0
20,4680555,rs1434284044,C,T,gnomAD Genomes,NA,PASS,p.Ser230Leu,p.Ser230Leu,c.689C>T,missense_variant,,1,31358,0.000031889788889597554,0,0,0,8690,0,0,1,848,0,0,0,290,0,0,0,1556,0,0,0,3476,0,0,0,15410,0,0,0,1088,0,0,0,0,0,0
20,4680556,rs771913694,G,A,gnomAD Exomes,PASS,NA,p.Ser230Ser,c.690G>A(p.=),c.690G>A,synonymous_variant,,1,251224,0.0000039805114161067416,0,0,0,16234,0,0,0,34572,0,0,0,10066,0,0,1,18392,0,0,0,21632,0,0,0,113616,0,0,0,6128,0,0,0,30584,0,0
20,4680561,rs74315409,T,G,gnomAD Exomes,PASS,NA,p.Met232Arg,p.Met232Arg,c.695T>G,missense_variant,,15,251220,0.00005970862192500597,0,0,0,16236,0,0,0,34566,0,0,0,10070,0,0,15,18390,0,0,0,21634,0,0,0,113634,0,0,0,6124,0,0,0,30566,0,0
20,4680563,rs1280706934,G,A,gnomAD Exomes,PASS,NA,p.Val233Ile,p.Val233Ile,c.697G>A,missense_variant,,1,251170,0.000003981367201496994,0,0,0,16222,0,0,0,34560,0,0,0,10068,0,0,0,18388,0,0,1,21630,0,0,0,113614,0,0,0,6126,0,0,0,30562,0,0
20,4680566,rs536371371,C,T,gnomAD Exomes,PASS,NA,p.Leu234Phe,p.Leu234Phe,c.700C>T,missense_variant,,60,251042,0.00023900383202810684,0,0,0,16214,0,0,0,34552,0,0,0,10060,0,0,0,18380,0,0,0,21628,0,0,0,113550,0,0,0,6122,0,0,60,30536,0,0
20,4680566,rs536371371,CT,C,gnomAD Exomes,PASS,NA,p.Leu234ProfsTer7,p.Leu234ProfsTer7,c.701delT,frameshift_variant,,1,251042,0.000003983397200468447,0,0,0,16214,0,0,0,34552,0,0,0,10060,0,0,0,18380,0,0,1,21628,0,0,0,113550,0,0,0,6122,0,0,0,30536,0,0
20,4680570,rs1309879759,TCTC,T,gnomAD Exomes,PASS,NA,p.Ser237del,p.Ser237del,c.708_710delCTC,inframe_deletion,,1,251088,0.000003982667431338813,0,0,0,16216,0,0,0,34550,0,0,0,10058,0,0,0,18390,0,0,0,21630,0,0,1,113584,0,0,0,6124,0,0,0,30536,0,0
20,4680572,rs769904669,T,A,gnomAD Exomes,PASS,NA,p.Ser236Thr,p.Ser236Thr,c.706T>A,missense_variant,mnv,4,251052,0.000015932954129025062,0,0,0,16214,0,0,0,34552,0,0,0,10060,0,0,0,18386,0,0,0,21628,0,0,0,113560,0,0,0,6124,0,0,4,30528,0,0
20,4680573,rs775737462,C,T,gnomAD Exomes,PASS,NA,p.Ser236Phe,p.Ser236Phe,c.707C>T,missense_variant,mnv,4,250972,0.00001593803292797603,0,0,0,16204,0,0,0,34550,0,0,0,10054,0,0,0,18392,0,0,0,21624,0,0,0,113488,0,0,0,6122,0,0,4,30538,0,0
20,4680579,rs1489076172,C,T,gnomAD Exomes,PASS,NA,p.Pro238Leu,p.Pro238Leu,c.713C>T,missense_variant,,1,250762,0.000003987845048292803,0,0,0,16190,0,0,0,34522,0,0,0,10052,0,0,0,18376,0,0,0,21618,0,0,0,113388,0,0,0,6116,0,0,1,30500,0,0
20,4680590,rs763194856,C,T,"gnomAD Exomes,gnomAD Genomes",PASS,PASS,p.Leu242Phe,p.Leu242Phe,c.724C>T,missense_variant,,2,281522,0.0000071042405211670845,0,0,1,24862,0,0,0,35300,0,0,0,10318,0,0,1,19904,0,0,0,25066,0,0,0,128484,0,0,0,7196,0,0,0,30392,0,0
20,4680593,rs1477724497,C,G,"gnomAD Exomes,gnomAD Genomes",PASS,PASS,p.Leu243Val,p.Leu243Val,c.727C>G,missense_variant,,2,281406,0.000007107169001371684,0,0,0,24832,0,0,2,35290,0,0,0,10326,0,0,0,19898,0,0,0,25054,0,0,0,128416,0,0,0,7198,0,0,0,30392,0,0
20,4680598,rs764251824,C,G,gnomAD Exomes,PASS,NA,p.Ile244Met,p.Ile244Met,c.732C>G,missense_variant,,1,249710,0.000004004645388650835,0,0,0,16100,0,0,0,34390,0,0,0,10024,0,0,0,18340,0,0,0,21568,0,0,0,112838,0,0,0,6108,0,0,1,30342,0,0
20,4680610,rs1427896132,C,A,gnomAD Exomes,PASS,NA,p.Ile248Ile,c.744C>A(p.=),c.744C>A,synonymous_variant,,1,247704,0.00000403707651067403,0,0,0,15916,0,0,0,34168,0,0,0,9974,0,0,0,18228,0,0,1,21486,0,0,0,111838,0,0,0,6060,0,0,0,30034,0,0
20,4680615,rs1412795882,T,C,gnomAD Exomes,PASS,NA,p.Leu250Pro,p.Leu250Pro,c.749T>C,missense_variant,,1,246204,0.000004061672434241523,0,0,0,15822,0,0,0,34016,0,0,0,9930,0,0,0,18154,0,0,0,21404,0,0,1,111056,0,0,0,6024,0,0,0,29798,0,0
20,4680620,rs974440979,G,A,gnomAD Genomes,NA,PASS,p.Val252Met,p.Val252Met,c.754G>A,missense_variant,,1,31396,0.00003185119123455217,0,0,1,8706,0,0,0,848,0,0,0,290,0,0,0,1560,0,0,0,3474,0,0,0,15430,0,0,0,1088,0,0,0,0,0,0
20,4680632,rs11087654,A,T,"gnomAD Exomes,gnomAD Genomes",PASS,PASS,c.*4A>T,,c.*4A>T,3_prime_UTR_variant,,1440,263160,0.005471956224350205,33,0,1309,23488,33,0,80,33254,0,0,3,9960,0,0,1,18538,0,0,0,24020,0,0,32,118692,0,0,14,6880,0,0,1,28328,0,0
20,4680634,rs1339567960,G,A,gnomAD Exomes,PASS,NA,c.*6G>A,,c.*6G>A,3_prime_UTR_variant,,1,228806,0.000004370514759228342,0,0,0,14590,0,0,0,32046,0,0,0,9606,0,0,0,16734,0,0,0,20362,0,0,1,101672,0,0,0,5754,0,0,0,28042,0,0
20,4680634,rs1339567960,G,C,gnomAD Exomes,PASS,NA,c.*6G>C,,c.*6G>C,3_prime_UTR_variant,,1,228806,0.000004370514759228342,0,0,0,14590,0,0,0,32046,0,0,0,9606,0,0,1,16734,0,0,0,20362,0,0,0,101672,0,0,0,5754,0,0,0,28042,0,0
20,4680639,rs767978964,C,T,gnomAD Exomes,PASS,NA,c.*11C>T,,c.*11C>T,3_prime_UTR_variant,,2,217856,0.000009180376028202115,0,0,0,13848,0,0,0,30746,0,0,0,9500,0,0,0,15808,0,0,0,19676,0,0,2,95568,0,0,0,5574,0,0,0,27136,0,0
20,4680640,rs745591526,CTGTTT,C,gnomAD Exomes,PASS,NA,c.*14_*18delGTTTT,,c.*14_*18delGTTTT,3_prime_UTR_variant,,1,217746,0.000004592506865797765,0,0,0,13834,0,0,0,30732,0,0,0,9494,0,0,0,15810,0,0,0,19650,0,0,1,95528,0,0,0,5570,0,0,0,27128,0,0
20,4680646,rs750931796,T,G,gnomAD Exomes,PASS,NA,c.*18T>G,,c.*18T>G,3_prime_UTR_variant,,7,204920,0.00003415967206714816,0,0,7,12880,0,0,0,29294,0,0,0,9350,0,0,0,14636,0,0,0,18858,0,0,0,88462,0,0,0,5366,0,0,0,26074,0,0
20,4680649,rs1286096431,C,T,gnomAD Exomes,PASS,NA,c.*21C>T,,c.*21C>T,3_prime_UTR_variant,,1,203400,0.0000049164208456243854,0,0,0,12732,0,0,0,29154,0,0,0,9332,0,0,1,14482,0,0,0,18760,0,0,0,87626,0,0,0,5328,0,0,0,25986,0,0
20,4680650,rs1355317095,C,T,gnomAD Exomes,PASS,NA,c.*22C>T,,c.*22C>T,3_prime_UTR_variant,,3,202008,0.000014850896994178448,0,0,0,12616,0,0,1,28986,0,0,0,9312,0,0,0,14324,0,0,0,18696,0,0,2,86840,0,0,0,5314,0,0,0,25920,0,0
20,4680651,rs1213971757,A,G,gnomAD Exomes,PASS,NA,c.*23A>G,,c.*23A>G,3_prime_UTR_variant,,1,192344,0.000005199018425321299,0,0,0,11756,0,0,0,27862,0,0,0,9172,0,0,0,13660,0,0,0,18006,0,0,0,81588,0,0,0,5142,0,0,1,25158,0,0
20,4680675,rs1222814139,G,A,gnomAD Exomes,PASS,NA,c.*47G>A,,c.*47G>A,3_prime_UTR_variant,,1,166730,0.000005997720866070893,0,0,0,9358,0,0,0,25368,0,0,0,8798,0,0,1,11842,0,0,0,16154,0,0,0,67026,0,0,0,4684,0,0,0,23500,0,0
20,4680678,rs910056590,G,A,gnomAD Exomes,PASS,NA,c.*50G>A,,c.*50G>A,3_prime_UTR_variant,,1,166072,0.0000060214846572570936,0,0,0,9272,0,0,1,25336,0,0,0,8782,0,0,0,11786,0,0,0,16102,0,0,0,66658,0,0,0,4672,0,0,0,23464,0,0
20,4680683,rs1037145753,C,T,gnomAD Genomes,NA,PASS,c.*55C>T,,c.*55C>T,3_prime_UTR_variant,,1,31382,0.00003186540054808489,0,0,1,8710,0,0,0,848,0,0,0,290,0,0,0,1556,0,0,0,3474,0,0,0,15418,0,0,0,1086,0,0,0,0,0,0
20,4680698,rs116970629,G,A,gnomAD Genomes,NA,PASS,c.*70G>A,,c.*70G>A,3_prime_UTR_variant,,182,31386,0.005798763780029312,0,0,10,8712,0,0,1,848,0,0,0,288,0,0,0,1558,0,0,67,3472,0,0,87,15420,0,0,17,1088,0,0,0,0,0,0
